{
  "author_name": "John Smith",
  "author_email": "john@example.com",
  "project_name": "Streamlit Component X",
  "package_name": "{{ cookiecutter.project_name.lower().replace(' ', '-') }}",
  "import_name": "{{ cookiecutter.package_name.lower().replace('-', '_') }}",
  "description": "Streamlit component that allows you to do X",
  "open_source_license": [
    "MIT license",
    "BSD license",
    "ISC license",
    "Apache Software License 2.0",
    "GNU General Public License v3",
    "Not open source"
  ],
  "framework": [
    "React + Typescript",
    "Pure Typescript"
  ]
}
